source,target,relationship,timestamp,weight
P041,P008,contact,2026-04-05,99
P016,P015,association,2026-04-05,2
P044,P048,contact,2026-03-17,7
P003,P002,contact,2026-01-28,4
P033,P039,contact,2026-03-13,4
P046,P042,shared_location,2026-01-29,8
P038,P018,contact,2026-04-08,3
P045,P028,transfer,2026-02-05,3
P014,P049,transfer,2026-01-14,2
P025,P007,transfer,2026-04-19,6
P039,P017,contact,2026-04-04,8
P035,P008,shared_location,2026-01-11,5
P041,P040,transfer,2026-03-15,4
P046,P005,contact,2026-03-26,4
P050,P019,contact,2026-04-20,4
P018,P030,transfer,2026-01-21,6
P023,P014,transfer,2026-03-31,2
P039,P041,association,2026-03-10,4
P011,P030,shared_location,2026-02-04,4
P044,P021,contact,2026-01-30,1
P021,P026,transfer,2026-01-09,4
P037,P046,transfer,2026-01-28,8
P026,P042,shared_location,2026-01-19,5
P009,P016,transfer,2026-04-06,7
P038,P026,transfer,2026-01-29,3
P033,P032,contact,2026-04-07,1
P008,P010,association,2026-04-12,7
P039,P005,shared_location,2026-02-18,8
P034,P017,contact,2026-03-29,2
P044,P035,transfer,2026-04-09,6
P008,P019,shared_location,2026-01-21,8
P001,P047,transfer,2026-03-06,3
P033,P007,transfer,2026-04-18,4
P010,P024,association,2026-03-11,1
P039,P021,shared_location,2026-01-03,2
P024,P020,association,2026-01-08,4
P037,P006,contact,2026-04-04,8
P005,P049,association,2026-01-17,8
P036,P011,transfer,2026-03-09,7
P014,P035,association,2026-04-02,5
P026,P043,transfer,2026-02-26,8
P008,P016,association,2026-01-09,6
P002,P038,association,2026-03-17,4
P001,P005,contact,2026-01-30,2
P003,P022,contact,2026-03-07,4
P018,P043,shared_location,2026-01-28,3
P047,P037,shared_location,2026-02-01,8
P027,P013,contact,2026-01-13,7
P023,P028,shared_location,2026-03-01,1
P044,P042,contact,2026-01-08,7
P047,P022,contact,2026-02-01,4
P013,P035,shared_location,2026-01-18,7
P012,P018,shared_location,2026-02-01,2
P029,P036,contact,2026-01-07,1
P006,P049,association,2026-01-22,7
P032,P031,association,2026-04-21,7
P004,P011,shared_location,2026-01-01,7
P017,P030,transfer,2026-02-24,8
P010,P013,transfer,2026-01-28,1
P038,P048,contact,2026-04-06,6
P004,P038,shared_location,2026-03-06,3
P004,P033,contact,2026-04-19,3
P005,P044,association,2026-02-21,2
P037,P016,contact,2026-03-21,2
P027,P043,transfer,2026-04-30,5
P014,P043,transfer,2026-01-31,5
P026,P009,transfer,2026-02-28,6
P001,P030,contact,2026-01-10,4
P033,P017,association,2026-04-30,6
P005,P016,transfer,2026-02-06,3
P029,P035,transfer,2026-03-20,1
P043,P036,transfer,2026-04-30,2
P009,P017,contact,2026-04-24,2
P048,P036,association,2026-02-04,5
P039,P014,transfer,2026-01-27,5
P017,P004,contact,2026-03-23,7
P018,P003,contact,2026-02-12,3
P041,P017,association,2026-04-05,8
P036,P046,shared_location,2026-03-13,1
P008,P005,association,2026-03-11,1
P024,P038,association,2026-02-25,3
P003,P020,transfer,2026-04-26,1
P044,P016,contact,2026-02-15,7
P040,P048,association,2026-04-29,4
P011,P012,shared_location,2026-01-04,3
P048,P022,shared_location,2026-04-13,4
P018,P011,contact,2026-02-18,1
P031,P015,association,2026-04-15,8
P023,P020,association,2026-01-29,1
P043,P013,shared_location,2026-02-12,5
P005,P050,transfer,2026-02-14,7
P022,P002,contact,2026-04-23,5
P012,P038,transfer,2026-01-05,2
P039,P028,transfer,2026-04-04,6
P033,P008,shared_location,2026-04-26,4
P017,P003,shared_location,2026-01-01,4
P024,P028,contact,2026-03-27,6
P040,P021,contact,2026-04-03,5
P033,P020,shared_location,2026-02-11,7
P045,P019,association,2026-01-25,7
P043,P025,association,2026-03-20,5
P026,P036,contact,2026-02-08,5
P014,P028,transfer,2026-03-01,8
P029,P044,association,2026-03-07,8
P048,P011,contact,2026-02-06,6
P020,P015,association,2026-01-19,1
P003,P016,shared_location,2026-03-20,2
P030,P027,association,2026-04-02,7
P032,P026,association,2026-01-19,1
P049,P050,contact,2026-04-10,7
P015,P012,shared_location,2026-01-07,4
P008,P030,association,2026-04-13,8
P043,P034,transfer,2026-04-07,8
P040,P047,shared_location,2026-04-17,8
P031,P029,transfer,2026-04-07,4
P041,P018,shared_location,2026-03-22,4
P018,P029,contact,2026-04-02,5
P016,P018,transfer,2026-02-10,2
P009,P010,association,2026-02-19,3
P046,P014,contact,2026-02-23,7
P022,P035,shared_location,2026-02-23,1
P014,P027,shared_location,2026-04-26,1
P049,P037,shared_location,2026-03-03,1
P049,P025,shared_location,2026-03-10,4
P032,P015,transfer,2026-02-25,8
P002,P025,transfer,2026-03-27,7
P047,P011,shared_location,2026-04-28,3
P040,P035,contact,2026-04-27,7
P038,P037,contact,2026-01-11,7
P009,P030,association,2026-01-07,5
P025,P021,association,2026-02-28,6
P022,P049,shared_location,2026-02-05,7
P017,P006,shared_location,2026-01-03,1
P023,P015,contact,2026-04-10,1
P049,P002,association,2026-01-26,1
P040,P010,association,2026-01-17,8
P043,P008,association,2026-03-01,5
P050,P024,association,2026-03-19,2
P050,P011,transfer,2026-01-14,1
P020,P037,shared_location,2026-02-20,4
P005,P038,association,2026-01-14,5
P044,P039,contact,2026-04-12,1
P023,P035,shared_location,2026-03-26,6
P005,P033,transfer,2026-01-02,7
P032,P007,shared_location,2026-02-16,8
P046,P010,shared_location,2026-01-23,5
P050,P031,shared_location,2026-02-25,5
P021,P016,contact,2026-02-05,8
P016,P049,shared_location,2026-03-14,7
P032,P021,association,2026-03-04,4
P023,P017,transfer,2026-02-05,5
P036,P001,association,2026-01-11,4
P047,P027,shared_location,2026-03-13,4
P045,P031,shared_location,2026-02-27,1
P006,P019,association,2026-02-21,4
P020,P043,transfer,2026-03-02,6
P028,P048,transfer,2026-02-15,8
P018,P020,transfer,2026-01-30,2
P047,P013,transfer,2026-01-16,3
P013,P014,shared_location,2026-02-05,5
P007,P013,transfer,2026-01-30,6
P012,P020,contact,2026-04-01,3
P004,P036,transfer,2026-03-31,3
P041,P049,shared_location,2026-01-14,1
P037,P019,shared_location,2026-03-03,8
P022,P012,contact,2026-02-02,8
P005,P037,contact,2026-01-20,3
P006,P016,contact,2026-03-13,7
P039,P040,association,2026-04-10,7
P029,P020,shared_location,2026-02-09,1
P007,P049,association,2026-03-22,4
P017,P043,contact,2026-01-21,4
P012,P036,contact,2026-01-21,1
P027,P029,shared_location,2026-02-07,1
P015,P019,transfer,2026-03-31,8
P015,P017,association,2026-02-24,2
P035,P015,association,2026-04-27,5
P010,P005,contact,2026-01-22,5
P039,P048,transfer,2026-02-26,2
P030,P045,transfer,2026-03-31,7
P018,P033,shared_location,2026-02-26,2
P039,P003,shared_location,2026-04-05,6
P002,P006,association,2026-03-28,1
P049,P044,transfer,2026-03-15,1
P049,P012,shared_location,2026-03-08,8
P038,P028,shared_location,2026-01-12,8
P023,P027,transfer,2026-02-11,2
P011,P022,shared_location,2026-03-30,8
P019,P043,shared_location,2026-04-15,1
P030,P006,transfer,2026-02-02,6
P008,P050,shared_location,2026-04-21,1
P043,P035,shared_location,2026-02-22,1
P013,P034,transfer,2026-03-21,8
P041,P029,contact,2026-01-27,5
P036,P009,transfer,2026-02-26,8
P008,P002,association,2026-04-01,3
P020,P036,contact,2026-03-12,7
P006,P015,contact,2026-03-01,2
P042,P010,shared_location,2026-04-30,5
P033,P046,transfer,2026-02-23,8
P031,P016,shared_location,2026-03-12,3
P025,P013,association,2026-04-21,2
P018,P050,shared_location,2026-02-13,5
P001,P019,transfer,2026-04-18,8
P010,P029,shared_location,2026-02-14,6
P036,P049,shared_location,2026-02-28,6
P013,P045,association,2026-03-15,7
P015,P050,shared_location,2026-01-06,6
P048,P031,shared_location,2026-02-19,3
P032,P003,association,2026-03-06,6
P007,P029,contact,2026-03-09,8
P010,P027,association,2026-01-10,8
P017,P022,shared_location,2026-03-25,2
P022,P044,shared_location,2026-02-10,8
P035,P003,contact,2026-01-31,5
P015,P048,contact,2026-02-25,2
P046,P007,shared_location,2026-01-22,5
P021,P004,transfer,2026-02-15,6
P028,P010,association,2026-03-09,7
P037,P044,association,2026-01-22,3
P006,P040,shared_location,2026-03-21,4
P032,P038,association,2026-01-30,8
P043,P001,shared_location,2026-04-26,5
